,Product_Name,Category,Sub_category,Price,Rating,No_rating,Discount,M_Spend,Supply_Chain_E,Sales_y,Sales_m,Market_T,Seasonality_T,Success_Percentage
0,Non-stick Pan,Home & Kitchen,Cookware,669.23,1.6,3682,29.37,8654.97,50.76,95655,7587,0.44,4.2,59.34879913328539
1,Tent,Sports & Outdoors,Outdoor Gear,67.13,3.2,2827,5.97,1918.0,90.22,41371,5555,-1.25,4.24,42.83849263354733
2,Mascara,Beauty & Health,Makeup,463.25,3.5,4554,41.19,5885.23,87.81,97015,9716,-3.4,-9.75,83.37992440317895
3,Cutlery Set,Home & Kitchen,Cookware,1499.18,2.9,4976,46.97,7984.91,78.1,32454,3697,-0.23,-6.62,43.678419479865624
4,Blender,Home & Kitchen,Appliances,640.43,2.4,3806,47.16,7846.5,95.87,38213,5136,-4.8,-8.61,49.18001571238313
5,Dining Table,Home & Kitchen,Furniture,424.23,2.3,2215,34.93,3670.33,74.31,45036,4254,0.59,5.07,44.76382326503806
6,Blush,Beauty & Health,Makeup,1492.51,3.1,2760,42.8,5635.53,50.23,34804,1528,2.73,-3.83,34.6022533315878
7,Hair Oil,Beauty & Health,Haircare,1286.79,1.2,3326,18.13,1586.76,85.82,65807,9366,-3.69,-0.88,33.96878142923788
8,Foundation,Beauty & Health,Makeup,978.35,3.5,1883,48.8,8526.27,50.56,62589,2953,-2.57,3.59,56.316478720937766
9,Dumbbells,Sports & Outdoors,Fitness Equipment,41.49,2.2,2287,4.74,7420.81,71.25,67204,558,-2.57,3.64,32.774770232950104
10,Microwave,Home & Kitchen,Appliances,335.47,3.3,374,49.2,6048.3,98.69,77827,6152,-0.32,-9.98,77.89482915439295
11,OnePlus,Electronics,Smartphones,1348.9,4.3,743,44.27,5098.33,91.63,71152,2423,2.24,-6.27,67.23575046771109
12,Fire Tablet,Electronics,Tablets,528.83,4.2,889,6.61,3152.03,77.67,82563,5871,4.63,4.9,67.5486625785265
13,Hair Serum,Beauty & Health,Haircare,43.49,5.0,206,36.13,6923.25,97.09,99452,8071,-1.17,-7.44,100.0
14,Galaxy Tab,Electronics,Tablets,703.43,3.4,528,25.26,7084.19,61.15,51513,114,1.94,3.12,42.71425749470459
15,Foundation,Beauty & Health,Makeup,895.0,1.8,4477,19.42,1299.94,57.15,59103,5244,-2.9,-8.73,23.11126459522341
16,Blender,Home & Kitchen,Appliances,1134.03,4.3,3059,44.35,1622.93,55.77,12731,8986,0.01,-9.35,48.66311500895388
17,Sleeping Bag,Sports & Outdoors,Outdoor Gear,851.01,1.4,3709,44.63,6940.75,63.52,54553,6328,0.61,0.49,46.62094036965971
18,Chair,Home & Kitchen,Furniture,1044.49,2.4,3158,42.65,4635.44,57.55,41561,1586,-1.4,2.64,32.08412936478257
19,Hat,Fashion,Accessories,1343.17,1.6,2750,31.91,4558.4,68.11,66172,3339,3.94,-9.72,35.36328768413991
20,Jeans,Fashion,Clothing,788.71,2.1,2993,17.14,2998.38,60.97,49944,1333,-1.52,1.89,21.010769514262815
21,Treadmill,Sports & Outdoors,Fitness Equipment,501.12,1.9,11,7.55,1886.93,79.31,80316,3080,0.33,1.28,35.672077974973405
22,Toaster,Home & Kitchen,Cookware,157.73,4.8,3082,15.03,2637.47,88.49,58131,8764,-1.09,4.08,72.38201772707124
23,Mascara,Beauty & Health,Makeup,223.45,4.3,2275,39.23,5247.32,82.56,46841,9378,0.46,-6.7,76.632141529307
24,Blush,Beauty & Health,Makeup,419.64,3.7,4626,18.35,8283.53,96.78,38240,7261,-1.36,-6.98,58.43009041556643
25,Yoga Mat,Sports & Outdoors,Fitness Equipment,1266.68,4.7,594,36.93,2215.25,74.17,34088,374,-0.17,0.7,43.11759396397205
26,GoPro Hero,Electronics,Cameras,749.25,4.4,3327,45.73,6555.23,94.6,35835,9996,-4.26,4.1,76.17926307373173
27,Mascara,Beauty & Health,Makeup,1189.9,3.6,2199,2.07,9070.09,80.56,49955,4468,2.13,-0.51,45.610471415770334
28,Dumbbells,Sports & Outdoors,Fitness Equipment,1260.97,1.8,4316,46.12,5341.49,79.95,44825,8664,-1.46,9.97,51.45017184349992
29,Lenovo ThinkPad,Electronics,Laptops,141.86,2.5,486,30.13,8900.45,65.67,6979,7855,0.49,6.83,46.527695840622314
30,Sneakers,Fashion,Footwear,1006.63,2.1,206,37.86,3774.47,68.61,72993,8149,3.32,-6.08,56.782586541047635
31,Conditioner,Beauty & Health,Haircare,175.85,4.5,371,21.05,9399.42,56.43,33626,6294,2.61,-2.86,62.24475126819599
32,Yoga Mat,Sports & Outdoors,Fitness Equipment,930.11,3.0,595,43.18,8496.3,85.26,72548,2234,-1.46,-0.56,59.48246408039553
33,Sneakers,Fashion,Footwear,270.42,2.5,3123,0.65,9416.72,88.62,22711,2188,0.9,3.93,30.765973245677078
34,Tent,Sports & Outdoors,Outdoor Gear,931.01,3.0,4096,1.18,3862.31,59.23,40595,5142,0.5,-5.3,26.55381743161221
35,Sunglasses,Fashion,Accessories,1140.66,1.7,3478,17.88,6511.39,65.66,17072,7265,-3.04,-5.82,19.22210929688533
36,Foundation,Beauty & Health,Makeup,504.12,3.8,3643,17.22,7735.04,86.46,5103,5007,-3.2,2.57,39.91970278028324
37,HP Pavilion,Electronics,Laptops,833.23,2.8,710,32.92,9115.69,79.33,76378,8822,-3.62,3.78,68.0968533924061
38,Jacket,Fashion,Clothing,1225.47,2.3,2054,44.02,1320.76,99.57,71113,4899,0.41,6.83,55.88040216483625
39,Sleeping Bag,Sports & Outdoors,Outdoor Gear,274.85,1.1,222,19.3,8714.15,94.57,97412,7640,0.78,-9.29,60.800337956735504
40,Non-stick Pan,Home & Kitchen,Cookware,293.58,4.9,4787,4.64,1947.71,74.61,22359,6325,2.85,6.81,51.69583970813209
41,Dumbbells,Sports & Outdoors,Fitness Equipment,534.99,1.2,4766,13.37,3636.89,76.64,86850,4450,0.19,6.44,40.20992912072886
42,Pressure Cooker,Home & Kitchen,Cookware,1078.94,2.7,4632,35.86,4153.37,79.3,76158,3017,3.11,7.55,56.31775617138265
43,Face Wash,Beauty & Health,Skincare,413.92,5.0,2170,0.87,1804.76,56.43,47070,980,-2.76,6.25,35.95401625230823
44,Conditioner,Beauty & Health,Haircare,1221.36,2.4,791,43.14,5499.73,60.13,49897,9434,4.44,0.25,58.356656095489
45,Conditioner,Beauty & Health,Haircare,700.85,3.0,1910,17.51,8937.76,68.66,21753,3127,-3.29,-1.67,29.7593159046965
46,Bed,Home & Kitchen,Furniture,448.23,2.5,4160,46.84,3957.23,55.21,79083,5283,-0.63,-5.68,56.81516748023597
47,Sunglasses,Fashion,Accessories,198.93,4.5,3107,20.9,5178.52,63.19,18047,1500,-1.62,9.52,41.451060447245794
48,Galaxy Tab,Electronics,Tablets,777.54,3.4,4494,24.63,7611.82,50.69,93833,6676,-0.31,3.53,66.28368848555539
49,Moisturizer,Beauty & Health,Skincare,870.33,1.9,3697,25.51,5619.54,61.7,64317,2579,2.51,-3.18,36.27590764399318
50,Sleeping Bag,Sports & Outdoors,Outdoor Gear,669.0,4.5,4190,11.94,3361.31,76.28,86472,7336,3.99,0.31,73.80844174846543
51,Mascara,Beauty & Health,Makeup,520.64,4.0,1948,35.58,6145.72,50.22,31265,4284,-1.38,-0.25,47.85164778186178
52,Sunglasses,Fashion,Accessories,988.99,4.5,3305,17.77,9981.62,72.93,73965,541,-2.75,-3.57,53.812288597515575
53,Surface Pro,Electronics,Tablets,1017.29,4.3,1322,41.62,8891.56,58.15,60691,3018,-0.16,5.39,64.16781991244663
54,Moisturizer,Beauty & Health,Skincare,1425.77,2.8,3845,47.05,9160.7,86.78,62182,8480,-3.63,9.78,67.8208523161508
55,Hiking Boots,Sports & Outdoors,Outdoor Gear,1340.67,2.4,4878,0.58,7722.94,55.75,70432,7536,-2.33,3.49,36.73065208892067
56,Resistance Bands,Sports & Outdoors,Fitness Equipment,1202.35,1.2,4015,47.8,1441.03,61.89,51009,1465,-2.25,-4.11,20.564539046079453
57,T-Shirt,Fashion,Clothing,1440.74,2.5,3792,13.8,2409.85,66.09,33361,4152,2.24,4.15,23.929440703755148
58,Bed,Home & Kitchen,Furniture,996.94,2.3,2889,8.22,7760.26,73.28,78786,6298,4.78,-5.67,50.94712603366246
59,Galaxy,Electronics,Smartphones,980.98,4.3,2352,48.42,8990.8,51.93,51787,6247,1.78,-5.79,69.3963747809923
60,Lipstick,Beauty & Health,Makeup,1015.18,3.0,3209,4.44,8787.95,79.18,8373,4101,2.01,2.63,28.583191398851437
61,Hair Oil,Beauty & Health,Haircare,690.12,4.9,3504,27.98,9300.88,63.58,5866,5261,0.59,-5.91,51.76359390119785
62,iPhone,Electronics,Smartphones,884.97,2.7,1101,21.66,9418.92,59.38,89649,4241,2.44,-6.97,56.00241415678244
63,Resistance Bands,Sports & Outdoors,Fitness Equipment,377.89,4.2,4913,37.91,9240.61,95.08,18623,2578,0.62,-0.1,59.40585047685387
64,Sandals,Fashion,Footwear,401.82,1.6,448,24.97,9433.46,71.0,45248,7634,4.15,5.69,52.68613982097485
65,Jacket,Fashion,Clothing,692.98,3.7,4555,39.35,7323.5,77.77,39788,1393,-4.12,-8.21,44.5407125951479
66,Boots,Fashion,Footwear,1330.15,2.9,3730,47.32,3772.55,99.9,95660,4103,-1.67,1.67,67.15619943552757
67,Dishwasher,Home & Kitchen,Appliances,218.77,3.0,4590,20.27,5741.94,53.57,19880,1282,2.96,-4.06,28.81577165171569
68,Mascara,Beauty & Health,Makeup,213.22,3.5,2035,29.56,1377.74,70.81,42028,4985,-2.79,9.87,48.425882395091136
69,Nikon Mirrorless,Electronics,Cameras,1166.85,3.3,2415,46.35,7269.99,58.5,36657,6296,1.57,5.06,56.18392322663209
70,Watch,Fashion,Accessories,878.39,3.8,3287,13.22,1970.55,62.47,35007,1611,1.52,4.42,31.28969752752589
71,Sneakers,Fashion,Footwear,1075.91,5.0,148,15.47,7005.89,82.49,56032,3320,2.88,0.87,62.30235358792897
72,Chair,Home & Kitchen,Furniture,1205.98,3.1,4692,17.84,9257.81,51.11,60042,6901,-0.71,-0.66,47.610221388814814
73,Blush,Beauty & Health,Makeup,160.03,3.9,275,22.14,8029.23,55.0,22703,475,-1.55,-4.61,34.553147302779365
74,Resistance Bands,Sports & Outdoors,Fitness Equipment,1152.67,1.1,4094,8.13,9012.27,88.22,53672,6349,-1.8,1.92,31.47328293450332
75,OnePlus,Electronics,Smartphones,507.12,3.0,1660,41.16,5208.47,71.85,8914,4196,2.2,3.85,43.29541646368179
76,Non-stick Pan,Home & Kitchen,Cookware,896.45,5.0,752,49.01,5647.07,79.59,57519,8693,1.46,6.64,88.2830225888058
77,Dishwasher,Home & Kitchen,Appliances,9.15,2.5,1336,25.08,4868.34,88.69,15680,8867,0.1,-0.28,48.17882730066446
78,Bed,Home & Kitchen,Furniture,1114.46,2.0,1405,6.21,9759.8,55.72,2957,3292,-2.75,9.56,9.640201313288607
79,GoPro Hero,Electronics,Cameras,1043.37,3.8,4052,49.23,3850.39,90.3,87871,771,-0.47,-6.88,64.50015941695123
80,Lipstick,Beauty & Health,Makeup,1102.37,3.4,253,38.85,6256.82,86.48,97254,2030,-1.57,-8.3,62.629627030136184
81,Face Wash,Beauty & Health,Skincare,146.59,3.0,181,40.69,3956.97,75.02,67459,8174,-1.12,6.32,69.99049540677737
82,MacBook,Electronics,Laptops,431.16,3.2,2142,27.65,9097.09,88.1,55423,5040,3.79,-8.99,63.28355310724601
83,Serum,Beauty & Health,Skincare,469.88,1.6,3424,29.87,1416.85,92.81,69039,7818,-2.08,3.03,50.11241052575062
84,Sandals,Fashion,Footwear,1421.18,2.0,2521,13.02,3985.57,77.07,50846,7409,2.66,-5.19,34.80639469949421
85,Yoga Mat,Sports & Outdoors,Fitness Equipment,1271.38,4.3,1998,27.34,1156.27,73.51,86871,6567,-3.44,-9.1,58.9899432760739
86,Treadmill,Sports & Outdoors,Fitness Equipment,816.34,1.9,4827,27.33,5115.56,99.4,41822,2047,-0.7,-2.33,33.23256409603556
87,Yoga Mat,Sports & Outdoors,Fitness Equipment,67.55,4.7,71,40.5,7810.59,73.65,32900,4737,-4.02,2.09,65.4298206569223
88,Nikon Mirrorless,Electronics,Cameras,338.11,1.4,2888,7.96,7230.56,77.79,37895,7915,2.36,5.66,39.143907313734985
89,Watch,Fashion,Accessories,336.4,1.5,643,8.9,1499.9,97.4,48784,6507,0.2,-3.46,33.387755564658534
90,Treadmill,Sports & Outdoors,Fitness Equipment,218.13,3.5,3764,29.97,1375.92,69.02,72525,3344,2.5,1.5,58.13333480981538
91,Moisturizer,Beauty & Health,Skincare,229.72,4.5,4638,0.2,9361.34,58.41,97898,4725,-1.53,-5.85,65.55142253347908
92,Cutlery Set,Home & Kitchen,Cookware,878.4,3.3,1681,42.07,5442.66,82.4,1465,5674,2.85,-4.78,45.179201989222484
93,Hiking Boots,Sports & Outdoors,Outdoor Gear,1101.16,1.8,1159,29.51,7383.72,66.98,10602,6500,-1.47,1.15,26.54312258823186
94,Refrigerator,Home & Kitchen,Appliances,1257.18,2.3,2300,44.89,7118.48,93.8,31607,3699,-2.65,-7.97,38.73801246707939
95,Lenovo ThinkPad,Electronics,Laptops,1322.76,4.3,3759,28.19,6038.16,63.88,21843,8753,-4.94,2.2,47.58077291722664
96,Watch,Fashion,Accessories,681.85,4.3,3080,8.46,8952.61,74.16,24490,4918,-3.47,0.94,43.12256575274098
97,Toaster,Home & Kitchen,Cookware,807.86,3.5,4282,6.59,4306.51,67.59,88169,7303,2.29,-6.66,58.28297611702993
98,Sony Alpha,Electronics,Cameras,216.45,1.2,3979,12.34,1155.08,75.73,79894,7300,4.54,9.77,48.5114876564378
99,Belt,Fashion,Accessories,161.61,4.6,2825,20.15,1814.94,95.46,24827,4648,2.94,-2.59,56.04516266999992
100,Sofa,Home & Kitchen,Furniture,523.57,4.6,1337,15.33,4089.53,87.49,66813,4607,1.93,-1.57,65.24761804513207
101,Yoga Mat,Sports & Outdoors,Fitness Equipment,700.97,4.0,3774,27.76,3560.01,94.88,70457,9281,-2.6,5.96,74.03562106350792
102,Boots,Fashion,Footwear,1348.29,2.8,2937,12.61,5979.78,90.3,6822,3411,3.29,-5.79,24.205011382194797
103,Tent,Sports & Outdoors,Outdoor Gear,479.7,1.4,3457,9.07,3020.57,53.7,6053,2459,1.07,8.56,5.1157239472760505
104,Resistance Bands,Sports & Outdoors,Fitness Equipment,1026.85,1.9,4426,7.01,4159.49,70.37,59893,8519,-4.51,-5.14,30.580861802623716
105,Yoga Mat,Sports & Outdoors,Fitness Equipment,1266.61,3.8,3270,28.62,5169.61,80.64,54622,1878,0.22,6.44,49.21385950236596
106,Sofa,Home & Kitchen,Furniture,82.66,4.7,41,3.2,1269.98,65.64,88670,5729,-2.23,6.1,63.00307764115532
107,Galaxy Tab,Electronics,Tablets,991.66,2.6,2427,39.24,9324.07,67.1,83632,3496,4.95,5.58,66.19504943222364
108,Hair Oil,Beauty & Health,Haircare,1191.92,3.4,1551,13.65,8551.92,95.31,18824,7114,-1.96,1.44,43.22336589085656
109,Dumbbells,Sports & Outdoors,Fitness Equipment,444.72,3.2,4652,49.76,3405.42,52.17,92414,8968,-3.48,4.43,74.62227688892303
110,Sofa,Home & Kitchen,Furniture,1357.27,1.7,135,20.36,8336.95,79.81,74036,2015,-1.43,-3.22,33.74970413476138
111,Blender,Home & Kitchen,Appliances,952.03,2.7,405,16.72,8549.35,83.25,67921,6181,-4.72,5.95,50.313906814895745
112,Dumbbells,Sports & Outdoors,Fitness Equipment,568.96,3.4,3453,7.41,6064.02,91.38,60206,9934,0.18,-0.84,62.73339059048377
113,Yoga Mat,Sports & Outdoors,Fitness Equipment,836.87,3.7,3743,14.02,6002.95,65.34,41872,2975,-3.71,8.95,37.40997206493199
114,OnePlus,Electronics,Smartphones,958.5,3.9,4045,44.8,4489.7,93.78,72919,2524,-1.87,-1.37,64.42635524533759
115,iPhone,Electronics,Smartphones,1297.7,4.7,2457,4.79,5369.65,75.84,2928,9575,-1.32,-8.84,39.1427686217804
116,T-Shirt,Fashion,Clothing,301.61,3.0,4927,16.81,8875.82,87.08,59247,8856,-2.99,7.42,64.07870903266965
117,Belt,Fashion,Accessories,201.0,4.4,1500,23.38,5695.77,82.55,77264,8098,3.46,6.56,85.3487982916241
118,Tent,Sports & Outdoors,Outdoor Gear,120.51,3.3,1045,14.35,1092.99,51.63,35011,5499,-0.36,4.56,36.3202919885881
119,Blender,Home & Kitchen,Appliances,882.91,2.7,1117,22.76,5500.84,92.3,66152,2603,4.15,6.29,53.08789407567377
120,Sleeping Bag,Sports & Outdoors,Outdoor Gear,137.6,3.9,4841,31.24,3833.9,96.07,51254,4615,-1.63,-5.49,60.784872397877905
121,Chair,Home & Kitchen,Furniture,1364.03,3.4,2385,5.7,7037.84,59.49,68508,1041,-4.22,5.76,30.57656062878602
122,Lenovo ThinkPad,Electronics,Laptops,829.0,2.9,932,20.69,9431.96,71.8,1258,5713,2.81,-7.07,34.808290556128114
123,Sofa,Home & Kitchen,Furniture,909.26,2.6,3687,23.48,4387.49,60.79,36634,9337,0.53,3.45,44.48753804413889
124,Treadmill,Sports & Outdoors,Fitness Equipment,512.74,2.2,2460,49.03,3242.52,71.87,59302,9025,-3.03,-1.23,57.922643245132996
125,Dell Inspiron,Electronics,Laptops,1248.45,2.7,117,44.99,4951.93,88.03,98843,8846,-3.13,3.36,74.27323134617401
126,Refrigerator,Home & Kitchen,Appliances,651.33,3.8,2401,46.59,6392.69,91.39,4478,8282,4.67,4.75,67.30944213358951
127,Galaxy,Electronics,Smartphones,164.51,1.4,4211,18.48,6714.81,85.7,94908,3851,2.51,-3.36,53.68407648447304
128,Dumbbells,Sports & Outdoors,Fitness Equipment,107.65,3.9,4064,42.37,1685.08,71.8,45483,292,-0.83,-8.12,46.701946859975564
129,Blender,Home & Kitchen,Appliances,659.91,4.0,4334,37.13,7742.75,63.07,74982,8930,-0.39,-9.25,75.52165061404443
130,MacBook,Electronics,Laptops,26.57,4.5,1011,23.71,2268.13,64.06,66329,4840,-3.15,3.71,60.61182662565
131,Foundation,Beauty & Health,Makeup,813.45,4.5,4514,35.27,6511.78,97.95,49554,3968,-1.5,8.77,68.20873243350685
132,Canon DSLR,Electronics,Cameras,893.39,1.1,989,9.28,6046.23,67.02,31688,7098,-0.49,7.3,22.92829333076782
133,Surface Pro,Electronics,Tablets,1012.9,1.5,2085,36.42,4037.39,92.45,94219,2745,0.44,2.36,51.021869618368385
134,Jacket,Fashion,Clothing,141.39,2.0,4270,14.46,3967.05,90.08,40014,5077,1.13,-0.83,38.39152671746874
135,Non-stick Pan,Home & Kitchen,Cookware,897.96,3.8,3546,28.93,6231.67,65.98,46860,5921,-2.33,1.86,52.402003919181745
136,Yoga Mat,Sports & Outdoors,Fitness Equipment,1276.57,1.2,4900,47.79,5005.35,72.29,32167,2966,2.02,3.98,30.565723434011456
137,iPhone,Electronics,Smartphones,1466.62,1.1,2730,8.36,7627.51,61.16,34397,1623,0.93,4.15,8.539158595228031
138,Serum,Beauty & Health,Skincare,874.81,2.3,1576,19.21,9766.4,70.89,32101,222,-0.4,9.0,28.11192428028445
139,Bed,Home & Kitchen,Furniture,626.51,3.8,4032,36.34,4299.13,63.07,28538,2534,-4.32,-5.32,37.016311019751456
140,Tent,Sports & Outdoors,Outdoor Gear,17.45,4.9,3358,11.84,9936.95,84.62,87057,9162,2.42,9.21,96.46523211564339
141,Microwave,Home & Kitchen,Appliances,819.92,4.3,2274,14.07,8568.86,73.05,15422,5366,4.51,6.66,52.1362859121152
142,Toaster,Home & Kitchen,Cookware,825.68,3.3,1905,43.74,1142.01,54.49,57789,3400,2.61,-3.82,48.55968888488488
143,Bed,Home & Kitchen,Furniture,180.38,3.7,2025,40.66,6212.55,87.06,26775,5208,-3.24,-7.25,54.84961799959313
144,Sony Alpha,Electronics,Cameras,383.33,5.0,2421,37.34,8726.8,90.22,92057,5709,4.39,-0.41,99.09717252405223
145,GoPro Hero,Electronics,Cameras,923.59,2.2,4937,38.86,2863.8,78.6,14528,3592,-0.55,9.69,30.483432557240196
146,Jacket,Fashion,Clothing,1367.71,4.1,3295,17.0,9365.19,98.94,97296,3017,-3.46,9.11,68.21637339750376
147,iPhone,Electronics,Smartphones,1347.64,2.8,2525,6.12,2872.02,98.45,72700,6010,-2.53,-4.22,40.90479027201222
148,Hat,Fashion,Accessories,17.06,4.2,2024,36.68,6846.28,96.32,65323,518,2.29,3.9,72.66108129971562
149,Sneakers,Fashion,Footwear,1224.64,4.1,3469,25.17,3960.59,56.6,50607,510,-2.71,7.42,36.46896071502847
150,Yoga Mat,Sports & Outdoors,Fitness Equipment,710.59,2.8,2285,38.0,8814.95,51.49,72603,4039,1.03,-6.17,55.368990413152254
151,Blush,Beauty & Health,Makeup,860.03,1.8,2422,23.6,2799.5,89.58,28976,3653,0.88,-4.93,25.83350630862063
152,Microwave,Home & Kitchen,Appliances,283.74,1.6,3302,32.44,8529.38,52.45,49807,117,-3.54,-1.92,26.151239354302263
153,Face Wash,Beauty & Health,Skincare,412.72,2.6,3495,39.66,9054.56,99.57,24323,5996,-1.92,8.9,56.69428806619878
154,Treadmill,Sports & Outdoors,Fitness Equipment,363.85,3.0,444,8.41,3356.81,78.26,52127,7420,4.77,-9.89,49.619959464624316
155,Yoga Mat,Sports & Outdoors,Fitness Equipment,49.45,2.0,2273,41.7,7399.19,90.73,3052,8805,-1.74,5.33,49.78333561621895
156,Hair Oil,Beauty & Health,Haircare,244.9,3.9,4320,12.49,7288.43,55.92,84182,1867,-0.12,-6.18,53.50395376752298
157,GoPro Hero,Electronics,Cameras,504.77,2.6,2155,31.72,5729.64,50.88,61409,8338,0.96,9.33,58.531292988195254
158,Sofa,Home & Kitchen,Furniture,461.27,2.0,2174,18.01,2469.45,99.42,52141,5698,2.28,8.85,47.10103425058331
159,HP Pavilion,Electronics,Laptops,199.31,4.4,4673,9.0,6692.85,84.08,54335,6444,-3.63,-4.83,58.57435208924605
160,Resistance Bands,Sports & Outdoors,Fitness Equipment,1331.3,2.1,3649,26.09,2410.92,94.16,46867,1341,-2.23,-0.18,25.177817947604265
161,Treadmill,Sports & Outdoors,Fitness Equipment,145.82,4.4,4779,1.95,6252.61,79.6,53398,1546,-4.71,-1.99,42.89190573928399
162,Face Wash,Beauty & Health,Skincare,1073.81,4.7,2453,27.97,8193.27,81.09,76780,5576,4.82,3.72,81.15641229861383
163,Dishwasher,Home & Kitchen,Appliances,1379.63,1.6,4259,3.85,2516.84,83.82,24490,1192,4.59,7.97,10.881550060976798
164,Cutlery Set,Home & Kitchen,Cookware,115.36,1.4,2425,49.56,7694.47,64.55,80207,9295,-4.87,9.17,66.61952080444529
165,Sofa,Home & Kitchen,Furniture,1187.02,4.6,4590,23.35,9556.38,55.36,99694,9051,3.23,-1.95,85.43522615575249
166,Non-stick Pan,Home & Kitchen,Cookware,806.52,5.0,2362,32.07,8674.87,70.12,60882,4359,-2.54,-3.99,67.45268281534265
167,Non-stick Pan,Home & Kitchen,Cookware,72.15,1.2,830,18.22,7624.42,72.2,9110,2160,1.29,-7.63,16.246304004392513
168,MacBook,Electronics,Laptops,6.11,4.3,1441,1.86,2075.15,75.51,96938,8607,3.61,-3.76,75.60323460525797
169,Foundation,Beauty & Health,Makeup,1170.59,3.2,3917,24.1,7360.53,91.41,62497,7361,3.49,2.67,65.2557529223536
170,Resistance Bands,Sports & Outdoors,Fitness Equipment,817.9,2.2,887,18.68,4568.15,95.16,52942,1693,-3.31,-1.11,30.670532395932536
171,Sandals,Fashion,Footwear,762.04,4.4,980,25.75,3772.45,61.9,28776,2339,-2.55,-7.84,36.306862807517646
172,Jeans,Fashion,Clothing,709.36,1.7,1862,42.85,1674.97,86.8,40089,736,-2.8,6.46,28.87585637346679
173,HP Pavilion,Electronics,Laptops,1010.25,3.0,4664,2.4,4219.76,69.13,98306,5489,-1.45,9.06,50.683536777563575
174,Dining Table,Home & Kitchen,Furniture,254.56,4.4,2435,44.89,6828.68,54.44,45989,9444,-3.88,4.22,73.54372202649212
175,Hat,Fashion,Accessories,86.77,2.3,2311,4.16,6954.72,85.34,22459,6669,4.43,-9.49,38.27952108195687
176,Sunscreen,Beauty & Health,Skincare,506.85,3.8,1279,38.35,7101.92,66.8,67356,5425,-0.81,-9.54,64.82027515440646
177,Sunscreen,Beauty & Health,Skincare,1412.03,3.5,1234,41.39,9959.36,79.35,73517,7604,-4.04,1.14,69.51159096674081
178,Watch,Fashion,Accessories,235.97,3.2,331,42.91,9538.33,72.25,3556,6923,1.58,-9.6,52.87740583864693
179,Refrigerator,Home & Kitchen,Appliances,685.25,1.8,2528,27.88,3913.38,58.86,46933,9982,-2.71,-1.57,40.42432496345053
180,Moisturizer,Beauty & Health,Skincare,1420.19,2.9,2484,23.18,8295.58,87.5,49579,9678,0.17,3.3,58.24017959422825
181,Hiking Boots,Sports & Outdoors,Outdoor Gear,716.52,4.7,1232,26.79,1035.94,84.03,17236,5665,3.02,9.54,55.39640269456732
182,Sleeping Bag,Sports & Outdoors,Outdoor Gear,55.45,1.1,4134,27.45,2531.96,71.69,46693,5043,-1.1,-2.19,30.906459509604527
183,Moisturizer,Beauty & Health,Skincare,639.33,4.3,70,5.04,1451.67,94.01,59290,8589,2.28,2.55,63.479474260363546
184,Blush,Beauty & Health,Makeup,907.34,3.6,565,37.04,5897.69,93.23,2475,3781,4.85,-3.72,46.78775483846969
185,Belt,Fashion,Accessories,1122.35,2.5,651,22.8,6526.11,51.03,12102,8988,2.87,-4.58,33.7906735056675
186,Backpack,Sports & Outdoors,Outdoor Gear,850.44,4.7,922,37.19,9829.97,81.8,80024,9205,3.09,-4.85,93.76269506498201
187,Jacket,Fashion,Clothing,1456.98,4.7,1896,33.42,2945.45,71.68,63748,2819,-0.52,6.35,56.852732238965984
188,Hair Oil,Beauty & Health,Haircare,98.04,1.9,1124,31.39,8441.63,92.94,76376,3190,1.2,-7.23,57.49889525878134
189,Dumbbells,Sports & Outdoors,Fitness Equipment,330.64,1.3,783,0.36,2239.99,54.43,94189,1913,3.28,-1.65,28.30775237325836
190,Moisturizer,Beauty & Health,Skincare,1203.38,2.4,4852,36.08,8341.58,87.23,63140,549,-3.93,-8.17,38.166542754901364
191,Canon DSLR,Electronics,Cameras,1346.22,3.0,3471,44.35,2419.26,66.53,47386,592,3.78,-1.1,39.18637436250619
192,Yoga Mat,Sports & Outdoors,Fitness Equipment,1397.22,2.3,3305,12.28,7639.4,95.93,19295,5430,-4.92,-4.63,22.757635593101377
193,MacBook,Electronics,Laptops,1283.06,1.3,2821,31.62,7777.42,58.45,48726,5238,1.4,2.72,34.040292313826626
194,MacBook,Electronics,Laptops,1074.68,2.2,1879,29.53,6782.24,84.32,29815,5780,1.72,8.41,43.2916433582124
195,HP Pavilion,Electronics,Laptops,217.93,2.6,968,3.05,5743.58,95.93,35372,7900,-0.81,-4.08,42.84491816218723
196,Resistance Bands,Sports & Outdoors,Fitness Equipment,1180.55,4.7,963,21.2,5669.31,74.8,61435,8626,-0.08,2.84,69.03932546630787
197,Sunscreen,Beauty & Health,Skincare,250.28,1.9,103,30.09,9219.42,88.72,79262,144,-3.04,-5.2,46.01368111845426
198,Hair Oil,Beauty & Health,Haircare,1458.66,2.7,552,30.99,1141.11,62.18,31946,6735,-1.55,7.87,32.618032164325015
199,Galaxy Tab,Electronics,Tablets,737.36,2.9,2335,1.11,9422.72,81.34,3342,1502,0.88,-2.29,19.630613999146654
200,Toaster,Home & Kitchen,Cookware,1030.1,3.7,3520,4.38,6842.6,98.7,12266,7335,1.29,-0.72,42.76467391409904
201,Boots,Fashion,Footwear,478.59,2.6,1825,1.29,4111.12,93.64,44512,4205,1.14,-2.93,35.04119834864762
202,Cutlery Set,Home & Kitchen,Cookware,796.25,3.4,3029,20.69,5058.21,72.99,71361,1198,-3.43,9.35,44.93607794680999
203,Shampoo,Beauty & Health,Haircare,721.19,4.3,4290,37.52,7491.36,89.07,32469,9939,2.6,1.61,77.49794165304515
204,Moisturizer,Beauty & Health,Skincare,408.67,2.0,93,6.85,6011.27,57.61,76016,5634,2.16,-5.06,41.56944111937946
205,Hiking Boots,Sports & Outdoors,Outdoor Gear,514.27,3.4,1442,17.43,5509.86,75.59,35209,7365,-0.75,3.29,49.59406088655523
206,Refrigerator,Home & Kitchen,Appliances,285.4,1.1,2113,22.2,3351.84,97.69,14035,5634,3.99,-9.01,27.85838490794916
207,Canon DSLR,Electronics,Cameras,726.94,1.1,1908,21.61,6903.73,97.49,48986,1319,2.24,9.14,33.71296720314354
208,Jacket,Fashion,Clothing,143.17,3.6,102,40.98,9860.48,56.4,20408,5313,2.63,9.55,61.27714363856659
209,Watch,Fashion,Accessories,1343.37,3.4,477,46.62,8089.99,80.08,95676,5179,4.22,-1.1,79.77746275740968
210,Tent,Sports & Outdoors,Outdoor Gear,55.25,2.1,3435,1.4,8359.67,79.63,33310,3582,2.22,-5.88,31.484982329975676
211,Sony Alpha,Electronics,Cameras,871.7,4.6,952,23.89,8283.39,97.85,32783,3639,3.18,5.52,63.73505291070783
212,Hair Serum,Beauty & Health,Haircare,313.47,2.6,1819,21.89,6160.84,52.1,99919,8547,1.08,-6.33,65.45229310063144
213,Surface Pro,Electronics,Tablets,752.99,3.7,1831,19.1,3035.26,52.16,32817,3377,1.9,8.48,37.666513933629744
214,Sony Alpha,Electronics,Cameras,1431.33,3.9,2831,0.84,6734.23,50.98,91060,8590,-1.31,-4.71,54.17673838278051
215,Nikon Mirrorless,Electronics,Cameras,832.38,2.2,1659,30.67,5949.86,61.74,35399,2614,0.51,-7.49,28.835663895172264
216,Shampoo,Beauty & Health,Haircare,578.39,2.4,2784,20.48,8908.52,90.86,16502,3314,2.16,-3.13,36.11800095072378
217,Jacket,Fashion,Clothing,1288.64,3.5,748,20.17,8803.37,92.9,86002,6285,-2.42,-4.62,64.13878604100168
218,Belt,Fashion,Accessories,1086.94,2.0,4870,49.5,4483.31,97.28,51463,5312,-4.67,-1.01,46.89625401423122
219,Bed,Home & Kitchen,Furniture,1201.47,4.1,3842,40.33,7741.12,93.89,39688,1636,4.07,1.13,60.560604959792975
220,Sunscreen,Beauty & Health,Skincare,1208.93,1.1,1669,16.35,9667.72,62.93,93571,8524,-1.64,-6.53,45.725753839030666
221,Pressure Cooker,Home & Kitchen,Cookware,655.74,1.4,3935,28.33,8491.32,76.22,56525,4479,-2.4,5.81,40.32869419992133
222,Sunglasses,Fashion,Accessories,701.89,1.1,1174,31.3,2572.14,85.37,51327,9564,-3.51,5.1,41.73662816399015
223,iPad,Electronics,Tablets,1397.93,3.9,3335,44.22,4317.14,88.19,1939,6455,-1.4,-7.64,43.57742447875559
224,MacBook,Electronics,Laptops,270.9,1.1,1756,49.38,9981.71,62.12,86006,7031,4.93,-8.31,68.09281412497583
225,Refrigerator,Home & Kitchen,Appliances,658.44,1.2,2257,20.81,4176.54,90.89,36432,1925,-4.62,5.16,18.538841588051255
226,Heels,Fashion,Footwear,596.96,1.2,4981,21.27,8634.67,82.35,44035,8629,1.0,-9.73,42.04923616708344
227,Sandals,Fashion,Footwear,1156.08,3.9,1652,6.91,4862.1,52.98,85538,396,-4.9,1.31,34.88176084171458
228,Resistance Bands,Sports & Outdoors,Fitness Equipment,719.64,5.0,4993,8.17,2670.39,71.92,91274,9087,-2.39,-3.02,71.62999505214317
229,Jeans,Fashion,Clothing,630.89,3.8,4864,7.12,4666.66,54.0,90448,3241,-3.72,-9.0,44.32451928857661
230,Refrigerator,Home & Kitchen,Appliances,1263.6,1.2,2462,21.23,7493.67,87.42,65663,7262,1.27,9.27,46.50468285409279
231,Sandals,Fashion,Footwear,832.09,2.2,4147,1.4,9050.08,94.59,49111,6377,-1.69,-6.14,37.7612026735827
232,Sandals,Fashion,Footwear,1077.78,3.8,742,12.36,6937.33,65.38,51488,8799,-0.58,-0.34,53.75320915854947
233,Treadmill,Sports & Outdoors,Fitness Equipment,410.07,3.3,4971,49.3,6569.14,92.81,58996,3423,0.36,3.0,68.80771758293108
234,Belt,Fashion,Accessories,437.13,3.1,326,43.13,3100.69,75.31,79238,8497,4.27,4.69,78.82818903250512
235,Hair Oil,Beauty & Health,Haircare,456.39,3.9,3295,35.06,7550.26,56.92,17573,2064,-2.85,1.92,40.030105056215724
236,Dumbbells,Sports & Outdoors,Fitness Equipment,334.3,1.9,3658,33.38,6314.16,71.56,68713,9527,2.42,-1.88,63.587916255492104
237,Canon DSLR,Electronics,Cameras,662.41,2.8,666,6.61,2875.28,71.39,96243,9443,-0.49,1.2,59.209998255912346
238,Yoga Mat,Sports & Outdoors,Fitness Equipment,548.12,2.0,1526,4.02,7146.99,84.4,28006,8175,0.35,-2.16,35.11459735494368
239,Tent,Sports & Outdoors,Outdoor Gear,1268.35,2.4,2009,29.05,6397.19,52.67,79384,9497,2.25,4.67,59.994045492383876
240,Lenovo ThinkPad,Electronics,Laptops,116.1,3.4,3399,18.77,3162.68,73.58,78879,1860,-0.64,6.44,53.07917339525958
241,Dining Table,Home & Kitchen,Furniture,718.82,2.3,3830,49.73,5395.8,68.47,54840,9358,3.31,0.07,65.95279254514583
242,Fire Tablet,Electronics,Tablets,545.3,2.1,3856,17.55,4318.88,81.5,30502,9680,-4.15,0.18,37.644044368134054
243,Refrigerator,Home & Kitchen,Appliances,131.15,4.5,1359,37.75,4823.44,78.47,18662,5363,-0.74,0.89,59.515870386099294
244,Foundation,Beauty & Health,Makeup,998.32,4.3,849,20.39,3676.48,93.01,2513,579,4.45,9.62,38.00113527313478
245,Conditioner,Beauty & Health,Haircare,814.21,3.4,1845,18.67,3526.77,59.95,50399,169,1.69,-2.93,32.29735430073018
246,Dumbbells,Sports & Outdoors,Fitness Equipment,568.25,1.7,2388,25.21,1817.34,73.63,10207,7539,-2.95,-1.48,22.268968485903805
247,Sofa,Home & Kitchen,Furniture,933.26,1.4,3498,18.53,2660.71,95.08,28591,3824,-4.54,4.38,17.718966342131267
248,Belt,Fashion,Accessories,506.64,4.4,1867,35.27,2191.43,61.38,4464,4680,4.06,-6.75,44.94530308837632
249,iPhone,Electronics,Smartphones,322.83,4.0,2009,4.07,8262.71,89.37,87712,5878,0.64,-1.09,70.77311668175349
250,Sneakers,Fashion,Footwear,877.4,3.3,4246,17.44,5347.53,74.69,80572,2856,2.01,4.14,54.047157632208574
251,Refrigerator,Home & Kitchen,Appliances,188.98,3.7,4683,7.74,2939.03,52.72,10094,4383,-2.54,-7.33,22.37788455074879
252,Conditioner,Beauty & Health,Haircare,1265.95,2.1,3980,19.2,3244.79,83.82,37329,5996,2.73,1.08,34.24808797132056
253,Serum,Beauty & Health,Skincare,1007.98,4.8,4353,28.1,6026.07,57.23,63176,1833,3.83,-9.44,57.28429464073885
254,Tent,Sports & Outdoors,Outdoor Gear,1496.1,1.7,4279,43.76,1554.12,51.76,45714,2102,2.85,-0.51,24.871846777951067
255,Moisturizer,Beauty & Health,Skincare,1051.17,2.9,2962,41.13,2635.51,68.37,87042,1397,2.86,0.12,53.954261685681715
256,Hiking Boots,Sports & Outdoors,Outdoor Gear,967.13,1.2,1657,2.64,7590.84,79.26,93884,3955,-0.27,-3.02,35.893094551176674
257,Face Wash,Beauty & Health,Skincare,1053.94,4.7,1295,4.64,3315.06,90.43,80537,6097,-0.98,-7.9,60.13891716201024
258,Lenovo ThinkPad,Electronics,Laptops,812.39,4.8,2560,7.33,8145.0,75.84,16423,1487,-2.26,-0.99,35.74104816405019
259,Dining Table,Home & Kitchen,Furniture,1045.21,3.6,467,31.24,1263.48,89.14,79513,5521,3.04,-1.7,64.55588915562942
260,iPhone,Electronics,Smartphones,1467.01,2.3,621,43.32,4879.28,58.12,73289,6305,-4.64,-7.73,43.37542495613386
261,iPad,Electronics,Tablets,1220.09,3.6,4526,34.18,4320.26,77.22,46210,785,-0.13,-0.66,41.07848426922308
262,Canon DSLR,Electronics,Cameras,1442.53,2.6,3067,22.91,2304.35,55.5,92309,2998,-1.32,4.78,39.44711009232006
263,iPad,Electronics,Tablets,1157.8,1.5,1244,5.08,6023.41,53.08,84648,489,2.0,-9.85,20.348786799316912
264,Mascara,Beauty & Health,Makeup,1217.77,3.3,1740,34.77,9354.9,58.18,12302,5236,-3.41,3.31,36.92778962050413
265,Foundation,Beauty & Health,Makeup,331.49,4.9,3904,43.83,4631.57,91.56,53896,8547,-2.11,-3.5,82.52928940108364
266,Tent,Sports & Outdoors,Outdoor Gear,1169.27,1.0,1195,22.65,9675.65,73.15,40620,1703,-3.87,-6.12,15.407705807379038
267,Galaxy Tab,Electronics,Tablets,103.26,3.5,132,6.56,9419.9,70.11,97712,2534,2.65,-2.57,64.31173045789072
268,Jacket,Fashion,Clothing,896.51,1.3,3202,0.81,1223.79,90.24,40871,605,4.9,-7.89,10.599429837377322
269,Sandals,Fashion,Footwear,1370.89,2.6,4136,13.29,8713.02,68.04,28901,4408,-1.54,-2.49,26.23489876997499
270,Yoga Mat,Sports & Outdoors,Fitness Equipment,165.53,3.1,18,40.73,3156.96,76.07,28405,2367,1.24,-8.7,42.79187225064909
271,Dumbbells,Sports & Outdoors,Fitness Equipment,1496.06,2.5,1895,34.03,8677.61,53.81,84103,3371,1.41,-2.1,49.66220484844998
272,Hat,Fashion,Accessories,1361.71,1.2,4205,14.62,7595.06,62.13,26435,8145,-0.69,-3.01,21.010843528032417
273,Refrigerator,Home & Kitchen,Appliances,70.99,4.7,3060,7.73,8130.21,57.18,36432,4114,-2.55,5.63,50.25777510387913
274,HP Pavilion,Electronics,Laptops,1051.83,1.4,1054,41.74,1407.77,61.63,41452,4752,4.62,1.71,33.72077108334442
275,Tent,Sports & Outdoors,Outdoor Gear,547.47,4.2,1534,0.66,7279.76,80.66,43608,2238,3.73,6.62,49.11583934232662
276,Nikon Mirrorless,Electronics,Cameras,1395.59,3.2,3823,14.72,2179.62,62.63,70308,3922,2.36,7.46,42.04472862124727
277,Bed,Home & Kitchen,Furniture,859.73,2.1,3166,24.75,6360.18,77.25,15712,5295,-1.29,9.18,31.098366861640933
278,Bed,Home & Kitchen,Furniture,736.32,1.8,692,28.62,9856.12,84.77,41291,2436,3.94,7.33,44.48389019249519
279,Dress,Fashion,Clothing,604.1,4.5,1200,40.78,5233.01,62.37,38774,6767,1.55,0.65,66.52684108663708
280,Sunglasses,Fashion,Accessories,305.58,5.0,3729,25.13,8922.07,97.49,78386,8851,-0.59,-7.38,91.21555921530089
281,Dumbbells,Sports & Outdoors,Fitness Equipment,1096.7,1.3,2399,48.91,2707.2,66.45,41089,8115,1.04,-0.54,41.07869151855743
282,Bed,Home & Kitchen,Furniture,12.22,4.9,4118,40.9,9561.67,93.68,49458,5928,1.63,2.8,88.59060180599997
283,Sunscreen,Beauty & Health,Skincare,219.33,4.9,77,14.02,7901.82,91.29,33354,9627,2.97,7.83,78.47728992514487
284,Microwave,Home & Kitchen,Appliances,884.95,1.7,4237,13.53,6671.2,64.26,75788,8729,-3.47,3.24,43.65481473140887
285,OnePlus,Electronics,Smartphones,1245.8,1.8,1412,33.51,4322.51,71.79,87588,4586,2.78,-2.88,49.31938193775018
286,Shampoo,Beauty & Health,Haircare,1023.64,3.4,2684,12.83,6353.54,60.08,4271,1313,0.42,-8.76,15.997102227793995
287,Face Wash,Beauty & Health,Skincare,1494.73,3.5,865,23.28,1051.7,98.43,93436,4087,0.57,9.45,60.546118091461466
288,Moisturizer,Beauty & Health,Skincare,630.98,1.6,2116,49.84,4179.93,69.49,87452,1590,4.36,1.04,54.779400087350766
289,Sunscreen,Beauty & Health,Skincare,608.92,3.6,2740,29.57,6306.0,59.3,88969,6663,4.5,-4.23,73.11496017694304
290,MacBook,Electronics,Laptops,336.79,4.8,3386,42.8,9257.48,67.68,60627,6112,4.6,8.25,89.00565329187252
291,Hair Oil,Beauty & Health,Haircare,705.83,2.0,3501,48.19,7910.72,53.11,14254,3726,4.57,4.77,39.50405511516797
292,Pixel,Electronics,Smartphones,1369.13,4.1,3624,11.78,8534.34,58.22,95678,9483,4.69,4.56,77.36794362608866
293,Shampoo,Beauty & Health,Haircare,310.67,4.1,1410,10.49,9948.94,76.34,51970,537,-2.81,-4.27,45.50002395817813
294,Lipstick,Beauty & Health,Makeup,1418.32,3.3,1164,18.28,5142.97,75.27,85556,1950,2.22,3.58,50.08431527055943
295,Sleeping Bag,Sports & Outdoors,Outdoor Gear,859.44,3.6,888,6.64,3665.29,80.67,72294,1468,-4.68,-5.61,35.43134778027817
296,Belt,Fashion,Accessories,487.82,3.1,4877,37.55,7736.64,79.5,40984,4799,0.3,3.78,57.215741715553555
297,Foundation,Beauty & Health,Makeup,230.89,3.9,3491,45.78,8753.72,60.87,23054,3151,-1.68,0.32,53.71071009334754
298,Boots,Fashion,Footwear,579.07,2.2,3469,30.45,3711.18,94.6,11749,9418,1.18,-0.28,44.91469690916686
299,Dumbbells,Sports & Outdoors,Fitness Equipment,1240.88,1.2,3808,44.78,3576.77,55.14,12262,3741,-4.69,8.51,13.064936110453916
300,Blush,Beauty & Health,Makeup,1104.27,3.4,2164,43.18,8172.24,95.44,2530,7633,1.06,0.3,55.073414313097004
301,Shampoo,Beauty & Health,Haircare,81.68,2.6,2290,30.81,4320.84,64.51,75762,9495,-4.66,-3.5,60.129042010654366
302,Treadmill,Sports & Outdoors,Fitness Equipment,956.06,1.8,4476,34.44,2454.58,99.41,60639,1234,4.74,4.59,43.53737039742371
303,Cutlery Set,Home & Kitchen,Cookware,1478.39,2.5,4001,22.33,9491.36,69.05,17150,2864,1.29,-4.53,25.01369264343665
304,Belt,Fashion,Accessories,1303.69,2.7,4156,42.77,7085.51,85.99,52210,352,-2.44,-7.96,38.65819182518785
305,Galaxy,Electronics,Smartphones,1207.62,3.3,3605,0.15,7521.17,84.96,10351,9990,-2.4,0.11,35.57552914046178
306,Treadmill,Sports & Outdoors,Fitness Equipment,987.34,3.6,3601,12.46,6157.83,74.46,66806,1727,-2.43,6.62,43.24748301921353
307,Galaxy,Electronics,Smartphones,1287.18,4.8,1874,32.44,5060.7,95.36,89881,4952,-4.13,-3.48,72.90042943555434
308,Canon DSLR,Electronics,Cameras,1166.29,4.6,3122,18.23,1539.77,50.36,85018,2881,-0.12,-5.03,49.65157948017118
309,Watch,Fashion,Accessories,26.04,4.4,232,16.88,6628.09,61.68,92413,8922,-4.16,-5.55,75.52603085883577
310,Treadmill,Sports & Outdoors,Fitness Equipment,1388.94,4.9,949,38.3,4194.7,71.91,77940,2275,-0.24,1.2,65.05917630376996
311,Sony Alpha,Electronics,Cameras,148.89,4.4,2236,42.08,3857.41,61.85,80812,6238,-4.71,-5.73,71.93411289464683
312,Hair Oil,Beauty & Health,Haircare,14.8,3.1,2109,3.68,4190.74,94.4,1047,8831,-3.92,-0.6,34.7324172727129
313,Lenovo ThinkPad,Electronics,Laptops,67.96,1.0,3685,47.83,3366.0,84.0,85126,9985,-0.91,-3.58,65.9634333904484
314,Lenovo ThinkPad,Electronics,Laptops,986.38,4.5,2980,13.22,6362.6,61.5,94802,3658,0.9,-2.89,62.86712947850994
315,Hair Oil,Beauty & Health,Haircare,599.24,1.7,4285,2.47,3091.43,62.29,28296,2783,0.52,4.22,12.042111452827381
316,Non-stick Pan,Home & Kitchen,Cookware,590.64,1.2,2895,0.01,1900.12,51.38,7665,9323,-4.85,-4.34,2.493256328410723
317,Hair Serum,Beauty & Health,Haircare,1283.72,1.8,4183,44.79,3454.9,53.67,66421,6367,-1.26,8.31,44.512782572272755
318,Dishwasher,Home & Kitchen,Appliances,636.4,4.8,1436,29.36,1197.37,65.4,58258,141,-4.87,-9.24,41.68177588907032
319,Hiking Boots,Sports & Outdoors,Outdoor Gear,1032.57,2.6,2104,38.28,1808.98,54.15,83988,9737,3.93,1.36,65.12173710958604
320,OnePlus,Electronics,Smartphones,111.78,4.4,4562,5.18,7656.56,55.16,39316,2022,-1.7,9.72,43.78338422614197
321,Bed,Home & Kitchen,Furniture,700.79,4.9,1925,31.68,9089.74,75.83,50223,806,3.36,-0.19,65.14985716593766
322,Nikon Mirrorless,Electronics,Cameras,855.52,4.9,2361,45.66,5135.01,85.2,63008,4817,2.93,9.21,82.5098694090188
323,Galaxy,Electronics,Smartphones,1422.95,2.7,944,8.0,2083.16,81.61,13757,1407,0.26,-0.46,10.238240306267143
324,Jacket,Fashion,Clothing,670.61,3.2,4928,40.91,9378.37,68.91,7348,5328,-4.48,-7.16,39.697878334412245
325,Galaxy,Electronics,Smartphones,1066.45,1.7,1295,11.41,7334.39,94.1,49024,7329,1.57,-2.54,40.77179626257064
326,Hiking Boots,Sports & Outdoors,Outdoor Gear,210.12,1.8,3062,2.06,1352.66,59.56,72327,7401,-4.46,9.66,33.51922237207919
327,Shampoo,Beauty & Health,Haircare,1156.43,4.4,2367,6.57,9938.37,91.27,51563,5738,2.4,2.07,62.05353107666445
328,Foundation,Beauty & Health,Makeup,332.75,1.4,1576,43.18,5560.54,98.7,16553,6184,-4.59,-1.6,36.681177133480986
329,Sony Alpha,Electronics,Cameras,935.58,1.8,2286,47.83,5215.18,64.19,58156,9750,0.53,3.74,58.22872177328614
330,Sleeping Bag,Sports & Outdoors,Outdoor Gear,1242.91,1.8,4049,48.79,1905.96,68.02,1345,5062,0.47,-9.83,20.439069482054318
331,Sandals,Fashion,Footwear,913.42,3.3,1008,10.96,6899.9,82.19,42455,6943,-0.54,-0.41,46.86034383180351
332,Lenovo ThinkPad,Electronics,Laptops,53.38,3.2,3280,32.98,1312.45,77.66,22356,4927,-1.26,-3.39,41.50177777909016
333,Pressure Cooker,Home & Kitchen,Cookware,1358.73,2.7,854,28.07,3176.77,90.19,71117,1418,3.6,3.06,46.21810021671761
334,Toaster,Home & Kitchen,Cookware,233.79,2.4,2969,3.14,7092.36,64.68,64340,2490,0.87,-7.31,34.554708178423944
335,Jeans,Fashion,Clothing,1350.91,3.8,4855,15.72,8169.18,69.14,75028,1130,-0.36,-5.75,45.218634836616275
336,Bed,Home & Kitchen,Furniture,357.92,2.9,3420,40.66,8528.46,70.75,68039,5294,4.44,-2.77,69.6877019085121
337,OnePlus,Electronics,Smartphones,248.62,4.5,2268,23.79,1160.46,61.71,70637,1996,3.64,-6.63,56.95507625181412
338,Boots,Fashion,Footwear,436.81,2.8,3406,47.99,1675.22,62.43,83252,8199,2.89,-0.63,71.67331523128684
339,iPad,Electronics,Tablets,283.09,3.5,1475,11.59,6305.72,66.99,29535,450,-3.72,-2.44,26.746473030531668
340,Moisturizer,Beauty & Health,Skincare,786.09,2.9,3825,36.88,4922.94,79.77,14750,5386,-3.51,8.87,39.63178216196586
341,Dishwasher,Home & Kitchen,Appliances,1332.32,4.5,3140,0.68,8571.32,51.23,15643,4858,1.76,1.34,33.92357564287391
342,Dress,Fashion,Clothing,1408.51,3.5,2937,10.49,1136.09,99.54,87129,8773,4.03,-9.53,62.77385896359148
343,Hair Serum,Beauty & Health,Haircare,773.83,2.2,2186,25.8,4783.03,69.86,92876,8860,-2.7,-8.62,56.3706952023089
344,OnePlus,Electronics,Smartphones,1333.56,1.7,197,44.3,6202.2,66.46,67691,9489,2.11,-4.08,56.83652071989162
345,Blush,Beauty & Health,Makeup,748.05,2.4,4814,29.36,9592.65,88.28,28679,3019,-0.73,-0.19,40.02871150735808
346,T-Shirt,Fashion,Clothing,276.77,1.7,2160,17.92,3798.82,75.63,71570,557,-4.45,-6.98,25.800710191503782
347,Dining Table,Home & Kitchen,Furniture,140.45,1.2,3403,4.25,8594.37,91.14,55727,7687,-2.2,6.78,42.603328524489214
348,Belt,Fashion,Accessories,1217.49,1.8,3688,43.81,5692.5,61.26,93991,9062,3.9,4.66,68.6024760221308
349,Sofa,Home & Kitchen,Furniture,822.5,2.5,1577,36.78,1374.2,73.57,86814,7469,-2.69,5.68,58.78721438009047
350,Sunscreen,Beauty & Health,Skincare,1367.33,4.2,2283,14.23,6943.13,78.11,20518,8531,2.7,3.81,52.42706861350505
351,Resistance Bands,Sports & Outdoors,Fitness Equipment,15.2,1.2,2188,28.41,2496.7,98.41,23887,7849,-3.14,7.36,37.25158762057446
352,Resistance Bands,Sports & Outdoors,Fitness Equipment,239.34,2.9,1818,43.92,5772.11,63.3,99891,4630,-0.65,5.62,72.77258332115765
353,Blush,Beauty & Health,Makeup,768.1,2.8,4291,28.81,9454.47,61.03,89333,4333,-1.37,-1.52,58.60758774366858
354,Dumbbells,Sports & Outdoors,Fitness Equipment,184.74,3.5,1989,27.81,8364.3,64.11,10000,5848,-1.58,7.46,46.85876165872995
355,Sandals,Fashion,Footwear,402.38,3.7,4345,49.21,6160.06,58.73,78706,9337,2.66,-7.83,83.2017785264484
356,Microwave,Home & Kitchen,Appliances,122.28,1.2,4614,47.57,8770.87,65.37,80220,997,-3.73,-4.11,44.94729724142486
357,Sunscreen,Beauty & Health,Skincare,1405.23,3.1,4686,14.67,4478.66,79.31,38986,9759,-2.01,-7.18,41.30195955998449
358,Hair Serum,Beauty & Health,Haircare,663.62,1.7,1371,30.8,9318.82,93.47,32797,6973,1.05,-6.62,46.61387247689951
359,Dell Inspiron,Electronics,Laptops,264.87,3.0,948,38.97,1402.25,82.52,81322,2261,0.71,8.31,61.04649310656896
360,Sandals,Fashion,Footwear,194.67,4.5,2966,13.07,4688.96,60.28,25418,3283,-0.59,8.74,44.10117833521163
361,Hair Oil,Beauty & Health,Haircare,272.89,1.3,1058,1.62,7276.7,69.77,66487,1355,-4.77,3.29,20.906949106619923
362,Sunscreen,Beauty & Health,Skincare,1336.9,4.4,3021,35.2,1143.97,98.29,35151,472,1.56,5.29,47.09382299435684
363,Toaster,Home & Kitchen,Cookware,326.57,2.7,4775,5.64,9665.99,97.42,25651,9175,-0.77,2.8,50.5854856064718
364,Dell Inspiron,Electronics,Laptops,613.95,2.6,1551,10.12,5180.53,91.45,41032,8544,-0.36,-6.31,44.55217536281173
365,Sunscreen,Beauty & Health,Skincare,424.29,2.5,3650,47.48,2475.73,72.81,16419,5782,-0.11,9.57,44.47534334858005
366,Foundation,Beauty & Health,Makeup,1483.03,1.0,836,0.22,3576.72,70.2,7763,8256,-3.54,0.35,1.0
367,Galaxy,Electronics,Smartphones,319.4,4.9,4562,15.69,5600.91,89.46,2218,1265,-1.52,-6.74,37.76420818631361
368,Toaster,Home & Kitchen,Cookware,393.31,4.2,1579,45.81,5113.11,97.2,69137,9343,-3.89,4.26,85.99585218876668
369,Hiking Boots,Sports & Outdoors,Outdoor Gear,1181.54,2.2,2782,46.47,1923.75,76.47,84551,3896,-3.36,0.23,48.43753843103959
370,Hair Serum,Beauty & Health,Haircare,409.46,3.4,2589,30.23,1100.35,85.94,38010,5675,-4.15,-1.17,45.14616819972462
371,Lenovo ThinkPad,Electronics,Laptops,956.6,4.3,611,0.74,7106.6,84.61,23987,9441,3.69,-0.93,54.90321203403042
372,iPad,Electronics,Tablets,768.26,2.1,3740,27.87,6624.64,64.51,71872,9930,4.0,3.25,63.5409913489102
373,Sleeping Bag,Sports & Outdoors,Outdoor Gear,1133.62,3.8,2474,14.81,8415.45,54.35,19136,1230,-3.05,7.97,26.04468915137833
374,Microwave,Home & Kitchen,Appliances,1308.76,4.1,180,6.1,6993.78,72.46,27320,5097,-1.56,-9.1,33.83720411972815
375,Shampoo,Beauty & Health,Haircare,368.28,2.7,209,42.85,4114.82,83.73,13402,5943,3.35,9.12,51.88634568745247
376,T-Shirt,Fashion,Clothing,1116.93,1.9,4703,10.76,8289.92,57.88,13744,4222,3.39,8.49,21.51156010355313
377,T-Shirt,Fashion,Clothing,337.31,1.4,445,15.21,7875.07,87.85,39270,4758,4.75,5.85,41.47343585457272
378,Sneakers,Fashion,Footwear,315.22,3.7,3412,7.93,6058.35,60.57,40219,7453,-2.87,0.48,45.48434968691032
379,T-Shirt,Fashion,Clothing,1469.27,2.5,1522,15.01,5254.47,98.21,22715,5709,1.77,1.4,33.3671080544972
380,Hat,Fashion,Accessories,1231.83,3.9,2474,17.21,4794.44,75.58,86410,9114,0.0,3.72,69.1521454313265
381,Cutlery Set,Home & Kitchen,Cookware,211.13,3.7,892,6.69,9338.76,56.9,16804,7287,1.76,-7.79,43.59156063195325
382,Canon DSLR,Electronics,Cameras,1309.09,3.2,1466,45.37,7947.71,66.61,63081,7845,0.57,-1.58,65.71857427047175
383,Serum,Beauty & Health,Skincare,1246.98,3.8,1385,12.94,8287.4,53.31,62649,433,-1.76,0.62,36.030712599400594
384,Sunscreen,Beauty & Health,Skincare,1126.22,3.5,3182,28.23,3619.78,72.99,84618,3643,-3.37,-7.42,50.14395438973112
385,Sandals,Fashion,Footwear,1340.22,3.9,2578,14.46,8787.39,80.66,46613,105,3.81,-5.39,41.863388367481214
386,Pixel,Electronics,Smartphones,371.85,2.5,714,47.73,1068.51,74.86,22228,1314,2.07,-4.81,34.27496922922808
387,Bed,Home & Kitchen,Furniture,474.68,3.0,1452,22.22,9530.12,91.8,20652,1469,3.7,-2.08,42.76542007128842
388,Canon DSLR,Electronics,Cameras,780.98,2.3,3392,0.83,9990.53,71.82,47538,1929,-1.34,3.14,27.470529268833214
389,Galaxy Tab,Electronics,Tablets,1186.73,4.8,404,25.61,7870.73,87.55,96620,635,-0.52,4.23,71.12497933161244
390,Blush,Beauty & Health,Makeup,225.22,3.0,1010,8.46,2891.27,92.94,18646,3819,0.71,-3.13,31.7412520531156
391,Sony Alpha,Electronics,Cameras,816.72,1.9,610,19.44,3824.77,68.47,16446,8886,-1.33,-0.94,27.810932107041882
392,Jeans,Fashion,Clothing,1274.84,2.0,1403,42.62,1342.28,97.05,91035,7541,-4.33,0.85,57.50518317539071
393,Hair Oil,Beauty & Health,Haircare,1153.79,2.3,436,28.0,4694.67,79.16,20724,1113,3.5,-8.44,23.309388912088497
394,Canon DSLR,Electronics,Cameras,63.09,2.5,3696,31.33,7405.42,89.21,47490,8104,1.81,0.18,64.5075502653686
395,GoPro Hero,Electronics,Cameras,792.31,3.0,2331,22.52,9427.25,80.01,71894,9787,-2.37,0.03,67.00158665371393
396,Galaxy,Electronics,Smartphones,1141.09,2.7,572,1.0,9832.06,87.87,7089,144,-3.95,-8.46,8.225037271291466
397,Hiking Boots,Sports & Outdoors,Outdoor Gear,1112.65,2.3,3353,14.21,2136.2,91.48,78652,4360,-0.83,-9.85,38.31606213515558
398,Jeans,Fashion,Clothing,1294.72,3.5,1613,30.41,4865.14,78.75,3346,773,-4.23,5.86,22.196007705868283
399,Treadmill,Sports & Outdoors,Fitness Equipment,1419.23,1.2,3334,46.47,5424.03,58.79,7428,3375,4.98,6.28,23.10696888067978
400,Treadmill,Sports & Outdoors,Fitness Equipment,1154.58,2.3,3627,23.38,6565.09,54.89,34865,8823,-2.6,-2.67,34.75354065439109
401,Backpack,Sports & Outdoors,Outdoor Gear,664.56,1.4,687,48.94,8132.06,66.36,30342,5670,-4.71,-6.17,34.858140346734885
402,HP Pavilion,Electronics,Laptops,495.47,4.8,3523,46.24,8862.01,52.36,88834,378,0.66,-0.99,75.39602830823583
403,Galaxy Tab,Electronics,Tablets,610.4,3.9,2854,0.58,9726.79,82.9,16941,4335,-2.28,-0.19,37.01465451266673
404,Jacket,Fashion,Clothing,1388.83,2.6,4628,34.84,5533.39,65.51,21716,840,2.94,5.37,27.932480153170623
405,Fire Tablet,Electronics,Tablets,716.72,2.3,3286,3.96,5346.93,85.14,38404,6127,-4.62,-4.61,27.11578553026398
406,Fire Tablet,Electronics,Tablets,833.66,2.1,1887,26.27,8681.76,91.23,78243,4674,2.81,5.38,60.52859188292636
407,Sandals,Fashion,Footwear,646.05,4.8,2554,33.26,6362.58,57.79,96912,6335,3.78,7.44,88.26572811386605
408,Toaster,Home & Kitchen,Cookware,207.69,4.2,3362,16.06,5290.6,97.58,73940,2236,4.85,-2.14,68.44293166860876
409,Dumbbells,Sports & Outdoors,Fitness Equipment,60.2,1.9,1107,31.41,8665.4,56.1,33327,4031,-4.33,5.84,35.155113572932635
410,iPad,Electronics,Tablets,1076.64,3.0,4334,8.93,5685.55,67.8,48063,2953,-1.33,5.85,31.642775576129882
411,Moisturizer,Beauty & Health,Skincare,381.1,2.7,3852,46.7,9956.21,71.59,49174,793,4.85,-2.43,56.86017996400222
412,GoPro Hero,Electronics,Cameras,180.81,3.5,130,5.28,6989.68,52.21,97364,5028,3.68,4.89,64.85679177188126
413,Galaxy,Electronics,Smartphones,554.83,4.7,80,9.56,3303.73,66.09,42385,9605,-2.4,2.19,56.90239437286573
414,Blush,Beauty & Health,Makeup,444.35,3.4,658,19.04,8335.48,53.26,72117,8295,4.6,0.32,68.60006939378577
415,Blush,Beauty & Health,Makeup,352.06,1.4,21,4.49,6021.74,87.85,88897,6018,4.35,1.71,52.01970193617122
416,Treadmill,Sports & Outdoors,Fitness Equipment,1055.55,1.5,4299,18.99,4949.31,83.59,89929,1333,-3.23,-3.04,32.26895294811729
417,Belt,Fashion,Accessories,842.52,2.0,1186,31.04,1975.73,97.96,95566,4031,4.86,6.2,61.8525002233007
418,Bed,Home & Kitchen,Furniture,124.28,4.9,712,15.01,7757.0,50.78,17981,3751,-4.2,-2.61,41.89282851686924
419,Sneakers,Fashion,Footwear,378.96,4.8,3601,40.94,7572.77,73.57,13899,8823,1.66,5.42,73.69719233605655
420,Watch,Fashion,Accessories,985.19,1.1,1015,27.74,7107.45,95.31,15489,4880,-2.92,-3.69,21.918791740725375
421,Dell Inspiron,Electronics,Laptops,615.0,1.2,2635,40.08,8725.88,58.28,45807,6735,1.12,-8.79,41.77797706344863
422,Face Wash,Beauty & Health,Skincare,960.32,4.7,3010,39.24,9858.27,81.51,97730,1145,4.97,-4.97,83.97481694624074
423,Watch,Fashion,Accessories,1406.05,1.1,2281,16.9,9749.12,94.94,53092,9101,3.53,-3.32,46.07672952214238
424,MacBook,Electronics,Laptops,941.09,1.7,4720,46.3,9545.29,80.02,82960,2763,1.92,2.44,59.39850990228246
425,Resistance Bands,Sports & Outdoors,Fitness Equipment,1021.5,1.9,2326,47.42,2526.9,88.85,37041,2475,-3.51,9.57,34.59477831963127
426,Moisturizer,Beauty & Health,Skincare,192.51,1.2,931,8.51,4970.72,66.01,28605,7992,-4.96,2.81,21.825050211776734
427,Boots,Fashion,Footwear,927.61,3.0,3525,42.94,8585.21,81.22,23173,6382,-3.25,-3.92,48.57898174613754
428,Sandals,Fashion,Footwear,869.89,4.2,749,45.64,4647.06,70.23,27896,2670,-4.49,-8.68,43.536945835469176
429,Backpack,Sports & Outdoors,Outdoor Gear,1189.97,2.8,632,37.87,6200.04,86.83,42116,5664,-1.8,-9.19,45.98755445701412
430,Hiking Boots,Sports & Outdoors,Outdoor Gear,1170.49,4.8,2842,44.83,1007.83,97.79,31954,8399,-0.19,-6.99,66.6060591374567
431,Sneakers,Fashion,Footwear,1481.57,4.5,3675,12.23,9090.84,75.12,67695,7760,-3.91,7.86,62.8537084203479
432,Yoga Mat,Sports & Outdoors,Fitness Equipment,1415.32,3.8,2410,22.7,1394.88,70.12,32636,9651,-0.59,-6.99,43.969556414034635
433,Dell Inspiron,Electronics,Laptops,899.33,4.9,3919,30.13,3398.56,83.35,29459,3818,-4.85,5.23,50.05496740376246
434,MacBook,Electronics,Laptops,789.93,1.1,4651,6.83,8394.37,74.47,52649,5794,2.7,3.49,33.58273125738644
435,Lipstick,Beauty & Health,Makeup,377.18,2.2,3397,11.61,6326.34,81.3,28092,7085,0.37,5.75,39.438337638337885
436,Sunscreen,Beauty & Health,Skincare,1342.19,1.9,2746,15.02,7832.19,73.56,28753,9302,-2.72,-2.84,30.956071597287732
437,Tent,Sports & Outdoors,Outdoor Gear,1122.63,3.5,4394,3.84,4300.67,95.1,95084,4071,-0.17,-4.45,53.890750284230755
438,Dumbbells,Sports & Outdoors,Fitness Equipment,908.8,3.6,2560,28.13,3344.42,69.42,96329,4192,-2.58,0.83,59.564398382197254
439,Treadmill,Sports & Outdoors,Fitness Equipment,772.88,3.1,4819,44.3,2437.56,89.28,75146,5603,-1.45,1.96,64.43793661139352
440,Heels,Fashion,Footwear,507.2,4.6,3155,22.34,7091.7,70.47,68648,4499,2.26,8.12,71.70248584435629
441,Sofa,Home & Kitchen,Furniture,344.98,1.9,1835,0.1,2752.68,98.21,78226,7051,3.05,9.92,52.10751670924333
442,Hat,Fashion,Accessories,1274.21,2.3,2528,29.07,9239.06,57.99,48609,5746,-3.95,-3.89,36.24049350780409
443,Resistance Bands,Sports & Outdoors,Fitness Equipment,929.99,3.0,1722,34.82,5518.79,90.53,28577,8858,-3.51,6.38,53.090039243986624
444,Nikon Mirrorless,Electronics,Cameras,1451.28,2.3,4974,36.26,6970.81,92.46,38831,128,2.14,-7.85,32.89215047148667
445,Dress,Fashion,Clothing,1486.37,1.6,4959,10.6,8866.71,80.35,26570,8667,1.49,0.78,31.74345298575075
446,Tent,Sports & Outdoors,Outdoor Gear,1232.04,2.2,3162,40.38,2691.44,72.22,18971,2990,2.35,3.74,28.99004267083362
447,Shampoo,Beauty & Health,Haircare,568.86,1.5,3958,15.54,2257.99,81.45,89999,6027,-3.17,5.12,43.21060411943052
448,Dishwasher,Home & Kitchen,Appliances,348.42,1.9,1438,32.89,3852.64,93.06,22022,5676,2.7,-3.9,40.886728945180636
449,Tent,Sports & Outdoors,Outdoor Gear,595.69,4.4,504,1.04,5353.74,78.46,52523,2330,-1.69,6.08,44.817284370389
450,Galaxy Tab,Electronics,Tablets,451.0,2.2,4940,4.32,9763.97,51.3,31635,5520,2.35,-4.19,30.50445863740176
451,Microwave,Home & Kitchen,Appliances,695.06,4.4,431,18.65,1794.99,87.43,33967,1441,-1.76,3.2,40.49742985693791
452,Treadmill,Sports & Outdoors,Fitness Equipment,1447.91,1.2,3785,34.67,6356.64,75.5,10798,7772,2.82,9.92,31.939502327161957
453,Sleeping Bag,Sports & Outdoors,Outdoor Gear,83.87,3.6,1075,11.22,1701.56,63.37,92073,1835,2.18,2.39,53.92657124944651
454,Tent,Sports & Outdoors,Outdoor Gear,114.01,4.4,1872,22.2,9445.59,50.22,14103,4715,-2.06,6.24,48.53930476075511
455,Dumbbells,Sports & Outdoors,Fitness Equipment,1241.48,3.9,4245,27.81,3148.48,82.21,58459,9908,-2.84,9.12,64.0558062261016
456,Hiking Boots,Sports & Outdoors,Outdoor Gear,242.37,1.7,1198,38.55,2308.33,53.59,58926,7051,2.11,7.18,49.56080790368281
457,Dress,Fashion,Clothing,226.61,2.4,441,25.95,9934.55,81.98,9470,974,3.17,-2.9,34.06906652420441
458,Backpack,Sports & Outdoors,Outdoor Gear,257.72,4.1,533,10.87,5561.69,90.03,13585,7632,-0.5,-0.98,50.09365523324518
459,Lipstick,Beauty & Health,Makeup,171.79,2.0,555,24.89,4470.23,78.88,20280,1259,3.38,5.33,30.11634483825542
460,Yoga Mat,Sports & Outdoors,Fitness Equipment,1329.82,4.1,4461,7.51,8989.2,88.83,84088,7530,4.49,-7.63,71.38418885126518
461,Hair Oil,Beauty & Health,Haircare,492.01,4.3,2667,30.45,6278.48,53.6,40426,1381,2.22,6.55,51.59721041697831
462,Watch,Fashion,Accessories,957.22,2.5,5000,0.48,3071.01,78.55,92858,203,2.14,5.11,36.260466322554855
463,Galaxy,Electronics,Smartphones,871.1,3.3,4277,26.17,5405.49,74.66,79629,4697,4.31,-3.68,62.08710084012266
464,Jacket,Fashion,Clothing,681.73,3.0,453,11.86,6479.67,83.54,85923,272,-3.94,-6.77,40.50459399365264
465,Foundation,Beauty & Health,Makeup,23.42,1.2,4033,32.46,8537.04,99.3,25536,2412,-2.72,9.1,35.989413374894475
466,Resistance Bands,Sports & Outdoors,Fitness Equipment,481.93,2.8,296,22.99,3604.77,85.1,12384,8013,-2.52,9.91,40.90134935103213
467,Hair Oil,Beauty & Health,Haircare,1497.44,3.4,1767,30.85,1956.59,63.01,3570,5469,1.53,3.34,29.14262454916519
468,Chair,Home & Kitchen,Furniture,698.7,1.8,3560,2.36,6252.33,50.77,52197,6170,0.17,5.94,28.80434018028054
469,Non-stick Pan,Home & Kitchen,Cookware,535.73,2.0,4156,16.25,6649.63,71.3,13603,4823,-3.65,-8.5,18.853456835218157
470,Dining Table,Home & Kitchen,Furniture,408.11,4.6,4314,19.31,5142.29,80.24,98133,9904,-4.96,9.09,84.85432844159143
471,Yoga Mat,Sports & Outdoors,Fitness Equipment,230.71,2.4,1963,28.8,8113.35,65.41,35091,7363,-2.41,-2.86,45.8565971836738
472,Backpack,Sports & Outdoors,Outdoor Gear,200.92,1.7,3513,6.76,8216.46,95.19,43621,6078,-0.08,-0.62,40.53698946882993
473,Backpack,Sports & Outdoors,Outdoor Gear,1409.6,2.1,4128,14.27,4170.19,56.64,79211,9725,-3.6,6.58,42.81104081991132
474,Blender,Home & Kitchen,Appliances,820.84,4.9,3272,9.88,2610.04,93.31,90441,3636,3.09,-7.46,67.95789069413944
475,Sandals,Fashion,Footwear,1262.2,3.8,564,42.1,7624.7,81.61,9271,2535,1.31,-0.94,43.97868158710753
476,Chair,Home & Kitchen,Furniture,36.22,1.1,864,2.62,4524.73,97.8,23210,6517,4.46,-9.52,27.915449769369864
477,Jeans,Fashion,Clothing,1322.24,3.2,3100,39.34,8552.91,54.68,60654,221,-4.15,-9.71,36.17980415199962
478,Sony Alpha,Electronics,Cameras,1495.27,1.7,3586,10.72,7740.18,65.73,11057,3370,-2.7,-6.2,4.741485745839274
479,Dining Table,Home & Kitchen,Furniture,495.09,2.7,4263,19.4,1825.85,95.7,26660,5430,-1.32,-7.65,34.15173919054035
480,Non-stick Pan,Home & Kitchen,Cookware,972.22,3.4,2206,3.89,8961.32,61.26,94088,2067,-0.99,4.13,49.13557642102928
481,Nikon Mirrorless,Electronics,Cameras,1321.63,1.8,3898,2.42,9114.14,87.09,28490,2488,3.83,-5.48,20.684126655478316
482,Sofa,Home & Kitchen,Furniture,600.3,1.5,1979,44.14,9045.14,60.33,58912,9983,4.88,0.6,65.06814078914128
483,Galaxy Tab,Electronics,Tablets,1335.55,1.1,1200,13.7,3018.03,69.72,70502,2935,1.79,8.81,25.119979012137037
484,Canon DSLR,Electronics,Cameras,712.7,2.1,2905,6.89,2549.65,57.11,40751,4877,-3.87,-9.99,14.657245625161988
485,HP Pavilion,Electronics,Laptops,578.0,4.2,4024,17.91,6738.44,65.58,85380,4815,2.57,-5.9,67.23038080054546
486,Dumbbells,Sports & Outdoors,Fitness Equipment,706.11,2.9,3875,18.54,4582.01,50.21,71150,3009,-4.93,-1.79,34.25511121671896
487,Hair Oil,Beauty & Health,Haircare,934.21,3.6,3049,36.86,5531.76,98.53,92459,5167,-2.88,6.4,74.25916041520985
488,Cutlery Set,Home & Kitchen,Cookware,78.48,1.6,1723,40.49,4391.99,56.83,4052,6999,2.91,-8.42,32.4285020015358
489,Resistance Bands,Sports & Outdoors,Fitness Equipment,103.17,4.4,1562,2.39,3876.82,67.67,85730,3693,-2.54,6.93,58.09523422291457
490,Bed,Home & Kitchen,Furniture,951.18,4.3,353,46.94,9785.09,90.07,87559,8964,-1.72,-7.31,91.80234172952964
491,HP Pavilion,Electronics,Laptops,1475.08,4.1,3321,27.94,9313.76,53.06,97848,9442,-1.82,-3.44,74.78932979488098
492,Serum,Beauty & Health,Skincare,964.28,4.6,4897,13.51,3869.4,67.34,3362,6564,-1.33,-8.84,34.39829244434087
493,Chair,Home & Kitchen,Furniture,48.67,1.0,1915,8.51,6040.93,83.87,37770,6927,3.89,-3.19,35.17083006147743
494,Pressure Cooker,Home & Kitchen,Cookware,704.91,2.1,2163,9.7,1651.24,86.21,67170,6419,2.13,-3.79,41.57253611740796
495,Moisturizer,Beauty & Health,Skincare,1462.86,1.9,3540,1.65,8346.43,61.57,89473,2141,0.0,-7.05,28.358933801056825
496,GoPro Hero,Electronics,Cameras,1154.4,3.4,1007,34.21,6602.16,76.98,19356,7348,-4.3,8.81,46.23513833627416
497,Heels,Fashion,Footwear,634.27,3.4,3512,14.1,2795.49,67.29,39760,9946,1.97,2.44,52.08438138667382
498,iPhone,Electronics,Smartphones,1221.19,2.7,726,48.76,2155.1,55.97,81909,3866,-0.42,-1.97,50.69850056889325
499,Tent,Sports & Outdoors,Outdoor Gear,1418.86,4.6,1841,16.8,3999.71,62.39,90933,8849,0.08,5.73,71.01551052873762
